Archivo;Tama√±o(K);Cant Palabras Inicial;Cant Palabras depuradas;Vocabulario Inicial;Vocabulario Final
1410.2670.txt;24;3926;3357;924;597
1404.3626.txt;35;6247;4866;1033;634
1405.0149.txt;34;7257;5219;882;579
1409.2612.txt;21;4211;2953;504;305
1511.00867.txt;72;14471;12283;1373;857
1504.01708.txt;106;20212;17162;1741;1048
1412.0340.txt;46;8497;7468;1249;818
1407.4908.txt;25;3973;3688;947;595
1510.02659.txt;86;16131;13791;1412;864
1203.3341.txt;89;15777;12579;1935;1143
1407.4066.txt;59;12521;10180;1132;713
1407.6116.txt;22;3738;3063;832;529
1307.2968.txt;614;117460;94155;4004;2163
1502.05880.txt;13;2121;1712;600;402
1507.02180.txt;14;2865;2361;463;291
1412.8591.txt;17;2797;2515;827;556
1506.08977.txt;28;4808;4380;963;626
1306.6109.txt;117;20330;19078;1647;931
1101.1169.txt;61;11435;9957;1347;843
1502.04147.txt;145;26357;21594;2706;1706
1503.01628.txt;51;9552;8397;1113;681
1502.03097.txt;55;9985;8535;1528;978
1510.01072.txt;48;9747;7774;1131;710
1211.0729.txt;73;12608;11045;1622;970
1507.07583.txt;57;9502;8571;1717;1063
1504.02141.txt;61;10248;9171;1721;1101
1510.03840.txt;22;3784;3125;984;689
1405.7264.txt;151;25971;22875;2478;1465
1206.4627.txt;38;6683;5423;1046;689
1502.02800.txt;84;16144;12128;1674;1055
1103.1951.txt;24;4771;3537;570;333
1511.02166.txt;46;7787;6523;1345;881
1510.02438.txt;71;14011;10968;1293;809
1209.0735.txt;30;5510;4145;1139;780
1511.00736.txt;45;7172;6322;1454;971
0704.3504.txt;22;4150;3055;556;355
1401.1671.txt;59;10489;9047;1493;949
1312.1001.txt;67;12870;10600;1153;690
1402.4338.txt;44;8814;6802;1118;702
1211.6470.txt;60;10019;8876;1830;1133
1408.3743.txt;17;3319;2003;474;277
1507.07622.txt;89;17296;14685;1390;836
1308.1603.txt;12;1891;1728;567;361
1510.05461.txt;51;10770;7859;1195;740
1401.1861.txt;29;5177;4735;1147;745
1406.4060.txt;104;21158;15299;1407;811
1407.4723.txt;28;4180;3967;991;638
1412.5204.txt;16;3323;2256;518;331
1308.0497.txt;11;1974;1728;487;293
1508.04596.txt;41;6442;5594;1310;863
0811.1254.txt;83;14720;11777;1778;1180
1411.7632.txt;71;13106;10444;1620;1023
1510.00549.txt;36;7009;5973;994;632
1409.8061.txt;27;5576;4422;729;475
1504.01782.txt;41;7010;6063;1230;820
1111.0284.txt;31;6144;4781;946;608
1310.6324.txt;98;20182;16707;1567;909
1503.02985.txt;75;12488;10783;1713;1041
1509.00926.txt;43;7853;6398;735;461
1507.08861.txt;50;7834;7404;1340;825
1502.01566.txt;31;6444;3581;952;665
1407.6845.txt;84;15185;12778;2226;1400
1408.3030.txt;75;13589;11043;1619;960
1111.2480.txt;93;17888;15047;1554;904
1301.2959.txt;42;8212;6189;1122;671
1303.0730.txt;36;7071;5257;867;539
1404.1864.txt;87;16854;12931;1713;1117
1510.04780.txt;38;6159;5863;1367;864
1403.3772.txt;153;31076;24265;1648;980
1407.5218.txt;91;13772;11025;2227;1348
1506.08435.txt;60;9802;8435;1817;1147
1508.05232.txt;42;7176;5467;1170;797
1309.4958.txt;165;32260;27711;2030;1237
1301.3605.txt;32;5289;4843;1168;744
1208.6408.txt;45;6664;5241;1113;651
1508.01950.txt;87;17068;14438;1607;996
1408.1390.txt;28;5524;4368;785;484
1501.05260.txt;8;1342;734;192;109
1007.5491.txt;62;11375;9061;1149;685
1511.06324.txt;89;18109;13497;1796;1167
0911.2538.txt;50;9242;7927;1446;967
1510.03903.txt;77;13201;11505;1595;992
1507.03528.txt;94;18382;13755;1718;1042
1509.00773.txt;66;10785;9030;1898;1133
1510.06423.txt;57;10067;8378;1523;944
1006.5892.txt;30;5195;4516;1057;703
1311.2970.txt;69;12359;10745;1600;1013
1407.2109.txt;71;13389;11655;1344;788
1507.04500.txt;165;32053;27993;1737;1018
1404.2458.txt;49;8792;7258;1565;1014
1404.3056.txt;20;3014;2876;970;668
1208.3251.txt;63;10730;9258;1749;1121
1307.3142.txt;40;8463;6207;984;622
1507.07402.txt;83;16419;12470;1455;877
1210.7638.txt;62;11391;9723;1249;794
1511.02476.txt;350;58384;52213;5084;3032
1404.6898.txt;199;39940;29182;2350;1410
0911.2746.txt;28;5238;4080;837;540
1510.05071.txt;55;10395;8145;1321;867
1409.6182.txt;24;2942;1886;634;418
1505.05917.txt;70;12984;9582;1420;888
1510.01518.txt;62;11682;9488;1564;991
1412.4171.txt;216;35889;31364;3871;2223
1402.5481.txt;154;28643;23019;2911;1801
1412.7725.txt;77;12495;11407;2052;1229
1510.06684.txt;16;2712;2177;687;455
1504.06584.txt;27;4765;3975;843;519
1510.00347.txt;139;25443;20594;1978;1218
1502.03387.txt;24;3961;3575;1086;703
1407.4729.txt;54;9857;7593;1548;998
1507.07091.txt;100;19578;15892;1765;1111
1408.3190.txt;65;13644;10431;1078;698
1203.4600.txt;137;28159;21865;1615;989
1402.4327.txt;37;7158;5501;1116;671
1504.03872.txt;33;6587;5114;892;562
1502.07884.txt;87;16702;13618;1388;930
1504.04217.txt;138;26936;21111;2002;1218
1501.07637.txt;86;15783;13479;1844;1103
1402.6208.txt;29;4672;4535;1258;785
1210.4959.txt;43;8218;7721;1031;593
1401.8219.txt;39;7499;5463;1084;673
0907.3965.txt;79;14040;12772;1490;897
1501.04318.txt;23;3841;3539;918;596
1505.07368.txt;113;18477;17231;3082;1754
1509.05664.txt;69;12139;9881;1385;819
1302.4808.txt;84;14395;13064;1735;1008
1509.01676.txt;49;8457;7260;1535;976
1507.05995.txt;18;3007;2604;644;424
1412.4198.txt;26;5093;4139;785;500
1006.1029.txt;44;6641;6017;1551;1034
1204.6445.txt;166;34919;25742;1924;1144
1312.2674.txt;63;11168;9518;1638;1034
1506.00571.txt;31;4816;3910;472;292
1510.03895.txt;85;15706;12175;1740;1076
1511.09259.txt;73;14948;12008;1279;779
1410.4617.txt;81;14534;12424;2097;1265
1506.06305.txt;35;5881;4885;1233;822
1511.04944.txt;72;11690;8871;1557;1027
1204.1846.txt;102;20127;15228;1630;943
1410.5131.txt;220;49959;32943;772;450
1502.05491.txt;98;15990;13668;2326;1480
1206.3862.txt;41;8556;6896;593;386
1501.04706.txt;31;5184;4573;998;636
1408.2071.txt;73;14418;11757;1451;886
1508.06464.txt;47;7833;7255;1374;866
1504.05895.txt;106;16859;15497;2635;1681
1509.05572.txt;61;11021;10036;1309;824
1506.07990.txt;119;24716;19357;1687;1004
1404.7325.txt;88;17775;14393;1027;599
1510.08797.txt;66;13442;9793;1497;954
1510.02807.txt;124;23452;18952;1460;858
1511.06444.txt;24;4082;3593;982;646
1501.05098.txt;63;12265;8448;1447;906
1511.08887.txt;73;14836;12013;1342;847
1511.09156.txt;71;14082;11878;1274;806
1507.02385.txt;45;7503;6463;1497;1006
1506.09145.txt;57;10129;9185;1317;845
0811.2853.txt;86;17072;13989;1664;1020
1510.02923.txt;85;16739;12157;1808;1147
1401.3580.txt;35;6564;5278;956;615
1305.2494.txt;91;17397;12864;1727;1086
1506.04651.txt;78;12109;11129;2182;1379
1104.5286.txt;73;12992;10542;1802;1110
1506.08752.txt;44;8409;6206;961;595
1510.07391.txt;23;3876;3548;855;564
1505.05312.txt;38;6432;5935;1269;770
1005.3010.txt;26;4717;4261;798;494
1312.0049.txt;124;19153;18048;2938;1845
1309.3730.txt;24;3848;3640;864;507
1509.05821.txt;60;11993;9364;1220;763
1409.4575.txt;31;5715;4458;959;638
1107.0088.txt;70;14800;10355;1401;914
1509.08690.txt;71;13483;11264;1626;1017
1507.05492.txt;47;8059;6881;989;635
1412.6808.txt;116;21801;17972;2139;1358
1307.7050.txt;42;6871;5798;1383;884
1312.1664.txt;80;13553;12220;1826;1101
1402.6964.txt;44;7552;6713;1395;889
1308.6702.txt;76;14243;11085;1680;1071
1511.08280.txt;36;6079;5735;917;575
1501.00433.txt;136;25641;21218;1876;1171
1506.03437.txt;57;9763;8432;1393;884
1511.08152.txt;51;10399;8325;993;608
1506.03523.txt;39;6297;5475;1294;813
1411.6057.txt;57;9449;8347;1545;950
1309.6838.txt;43;7627;6169;1057;682
1411.3010.txt;13;2260;1755;596;381
1203.5184.txt;35;6040;4678;1087;715
1206.5336.txt;52;9937;8628;1172;721
1201.6371.txt;36;7164;5635;776;489
1307.4355.txt;126;25908;19034;1632;968
1511.02683.txt;73;11728;10150;1895;1182
1403.6322.txt;23;3644;3360;882;540
1405.1481.txt;46;8902;7330;1079;687
1212.6879.txt;93;19694;14856;1170;760
0907.3220.txt;19;2959;2778;704;437
1004.4940.txt;21;3582;2943;834;569
1303.2054.txt;44;7283;6322;1337;838
1111.4662.txt;219;45455;36166;2343;1440
1110.2053.txt;437;75217;65019;5579;3081
1402.3175.txt;21;4058;3020;715;453
1111.3048.txt;15;2980;1929;565;361
1511.08189.txt;16;2857;2443;599;382
1508.02759.txt;46;8563;5438;1152;707
1503.06483.txt;27;4492;3989;1014;633
1403.4622.txt;57;11603;8466;1218;742
1106.1445.txt;1774;311961;265613;7306;4000
1510.08578.txt;43;6876;6302;1404;895
1111.7013.txt;25;4951;4094;672;414
1306.3875.txt;29;4870;4199;968;610
1506.09140.txt;72;13629;11852;1387;813
1104.4987.txt;46;9271;7514;1063;686
1506.07094.txt;73;11228;10015;1923;1184
1503.08381.txt;55;9264;7969;1348;877
1406.0641.txt;191;37326;28607;1885;1062
1408.3869.txt;21;4423;3528;550;360
1412.3347.txt;91;18789;14822;1423;880
1303.3235.txt;56;10210;8162;1377;856
1309.3699.txt;44;8275;6805;1168;745
1306.2595.txt;77;14666;11591;1569;1013
1311.0913.txt;127;24739;19194;2057;1277
1510.01819.txt;50;10105;8891;1159;706
1301.1107.txt;63;11006;9348;1572;990
1312.1559.txt;63;12253;9688;1348;904
1502.03951.txt;132;24287;21106;2099;1269
1507.04394.txt;45;6716;6372;1532;927
1506.04391.txt;76;11760;10985;2312;1373
1402.0485.txt;83;17111;12921;1336;832
1505.07429.txt;36;7606;5984;918;596
1111.0235.txt;71;14528;10497;1442;921
1101.1477.txt;90;17479;14112;1877;1151
1309.6610.txt;101;17419;16674;1765;993
1211.0589.txt;95;19295;14316;1755;1131
1408.0135.txt;31;4156;3652;1092;701
1509.07330.txt;82;15072;12884;1608;956
1203.5414.txt;29;5884;5005;749;475
1502.06464.txt;147;27761;20144;1905;1151
1507.01581.txt;36;5718;5087;1150;744
1405.0718.txt;91;19109;14492;1281;822
1412.2114.txt;10;1623;1524;511;312
1510.07135.txt;84;16872;14541;1296;805
1403.0734.txt;60;10628;8484;1563;979
1104.5288.txt;70;11915;10207;1828;1153
1406.1758.txt;80;16465;12221;1524;927
1311.3414.txt;83;13508;11973;1959;1124
1410.6516.txt;38;7003;5633;902;553
1504.03957.txt;84;14756;12414;1710;1056
1511.06030.txt;40;6751;6052;1368;863
1401.6681.txt;71;13726;11572;1391;882
1503.02196.txt;40;8801;6094;927;607
1511.06860.txt;53;9254;7517;1566;1022
0706.1402.txt;26;4022;3927;1159;711
1405.0982.txt;41;7912;6175;955;600
1503.04522.txt;100;20166;13984;1822;1057
1503.02577.txt;12;2170;1715;483;317
1302.5906.txt;54;10086;7801;1404;938
1509.04857.txt;31;4937;4494;1300;876
1510.02833.txt;74;13201;10898;2103;1327
1507.06011.txt;45;7421;6812;1563;965
1308.1391.txt;101;18267;15759;1686;1038
1307.4062.txt;50;8029;7354;1599;1016
1411.6538.txt;58;11209;6901;1262;768
1508.04720.txt;67;12168;10102;1460;926
1502.02348.txt;84;14505;12206;1454;913
1508.05766.txt;69;14026;11398;1472;946
1510.01591.txt;52;12323;8101;651;433
1311.4766.txt;52;10800;7355;976;591
1212.1710.txt;204;29343;27999;3426;1889
1405.1906.txt;30;5990;4452;916;601
1306.1595.txt;105;20779;17013;1583;1049
1410.7082.txt;28;5500;4419;845;549
1506.01110.txt;50;8218;7135;1538;1000
1206.4809.txt;122;23677;18867;1896;1218
1506.02930.txt;29;4444;3976;1100;720
1104.0746.txt;46;9061;7268;1144;697
1511.03894.txt;29;4616;4206;1040;628
1401.3667.txt;50;9226;7382;1231;759
1505.05451.txt;37;6754;5320;1101;715
1509.08892.txt;97;19720;14955;1886;1203
1411.1124.txt;107;21949;15431;1691;1031
1510.02786.txt;115;23545;17872;1739;1061
1511.05432.txt;38;6219;5612;1186;764
1304.7480.txt;107;20156;16929;1954;1188
1205.4874.txt;43;7504;6263;1034;654
1504.01019.txt;114;20229;16624;2450;1512
1402.6787.txt;46;8402;7038;1284;795
1406.0342.txt;43;8315;6224;1343;859
1409.1467.txt;80;14456;11539;1926;1171
1304.2816.txt;48;7760;6513;1287;761
1411.4097.txt;123;23049;19269;2025;1242
1510.04249.txt;25;3912;2613;497;273
1406.2534.txt;33;5431;4904;1140;723
1409.8498.txt;39;6488;5597;1265;770
1406.2587.txt;162;30486;25050;2847;1800
1504.06320.txt;63;9276;9002;1797;1121
1506.00552.txt;77;15129;11895;1544;965
1201.2845.txt;48;7990;6586;1458;918
1507.05880.txt;146;27105;21937;1920;1166
1309.3014.txt;49;10120;6798;1260;811
1403.1642.txt;93;18232;14618;1811;1087
0803.2570.txt;133;25674;20895;1969;1213
1507.06616.txt;88;18853;13766;1463;889
1403.4539.txt;12;2056;1828;632;415
1412.1538.txt;29;5708;4656;971;646
1410.3764.txt;37;7757;5784;1037;665
1506.00366.txt;37;5532;5214;1421;922
1509.09188.txt;85;18054;11937;1538;1064
1310.6398.txt;28;5133;4583;886;536
1505.03931.txt;95;19971;15202;1790;1164
1412.6761.txt;59;10933;9147;1222;809
1308.0776.txt;212;40946;33325;2149;1213
1506.01978.txt;48;8171;7080;1509;1005
1511.03501.txt;72;14250;10738;1447;924
1404.2743.txt;81;16804;13221;1330;812
1502.05507.txt;48;9748;7058;1035;666
0910.2912.txt;105;17508;15625;1691;1008
1103.1091.txt;23;4721;3762;710;454
1101.5460.txt;74;11153;10785;2058;1204
1511.08861.txt;51;8481;7591;1559;1002
1502.01187.txt;81;15579;10738;1302;805
1508.03837.txt;8;1489;1298;397;251
1508.02521.txt;17;2776;2648;772;470
1509.03784.txt;52;11831;8463;884;536
1312.0461.txt;122;22349;19609;2898;1639
1306.4664.txt;33;6300;4638;934;576
1411.5735.txt;64;12314;8917;1494;936
1510.07380.txt;122;20692;18158;2568;1539
1407.3975.txt;24;4734;3377;748;490
1411.0440.txt;195;29143;27243;5317;3297
1509.04634.txt;89;14359;12812;2136;1326
1305.0750.txt;100;19308;17814;1541;917
1510.02787.txt;82;14754;11576;1395;876
1511.06653.txt;61;9733;9009;1846;1138
1508.00217.txt;57;9107;8052;1570;1002
0910.5577.txt;38;7465;5815;1239;793
1505.02213.txt;135;25192;21192;1941;1133
1307.7087.txt;81;16728;12960;1301;803
1503.03605.txt;64;11999;8604;1382;901
1504.07959.txt;158;32603;25364;1678;990
1104.4465.txt;105;20549;16531;1642;1014
1509.08979.txt;109;19924;16616;2062;1275
1204.3850.txt;94;16813;15277;1751;1009
1503.02951.txt;108;19487;16242;2184;1270
1103.1980.txt;39;8108;5988;664;374
1105.1302.txt;47;7953;6907;1235;765
1209.1711.txt;41;6948;6310;1812;1245
1407.3556.txt;40;7770;6298;987;601
1507.01239.txt;22;3435;3088;1050;706
1505.02921.txt;28;4383;3754;1097;710
1211.2384.txt;76;15920;11690;1075;684
1306.0760.txt;71;11276;10306;2135;1353
1407.7459.txt;13;2667;1837;510;335
1504.00169.txt;61;13222;8768;1097;671
0903.2923.txt;48;9483;7292;1157;739
1408.3877.txt;140;34376;21438;2097;1339
1508.01775.txt;53;8923;8212;1534;916
1403.2975.txt;134;27671;20154;1631;966
1307.2559.txt;83;16474;12810;1525;894
1401.1061.txt;100;17137;15445;2056;1218
1508.03878.txt;40;7373;4759;1017;659
1505.06362.txt;109;22284;16774;1730;1027
1509.03476.txt;40;7202;6092;1177;729
0911.1509.txt;25;3742;3507;1156;803
1509.06357.txt;101;20629;16287;1408;809
1503.00941.txt;91;19538;14370;1588;943
1504.06544.txt;163;30119;23269;2599;1578
1508.03401.txt;87;15608;13612;1515;973
1301.1027.txt;66;13259;9693;1509;978
1408.6923.txt;23;3573;3405;910;580
1504.07766.txt;70;12310;10886;1842;1147
1408.6321.txt;45;8115;7201;1138;679
1507.03403.txt;44;8745;7741;1149;739
1505.04938.txt;37;6517;5521;1370;891
1407.2506.txt;31;5210;4667;1180;748
1201.0490.txt;15;2163;2030;901;644
1412.5831.txt;68;13147;10733;1945;1210
1501.06654.txt;98;19009;15544;1943;1192
1302.2279.txt;40;8002;5832;829;498
1406.5688.txt;53;7921;7223;1656;1016
1410.0736.txt;44;7028;6536;1411;929
0903.0197.txt;22;3852;3406;725;437
1507.05014.txt;65;12841;9021;1204;756
1406.6924.txt;18;3519;2609;607;409
1507.06576.txt;52;10413;8207;1002;582
1510.07424.txt;21;3947;3075;628;371
1504.06043.txt;49;9619;7301;1066;672
1408.6771.txt;55;9754;9117;1344;815
1312.0233.txt;22;4344;3429;720;447
1308.0801.txt;29;5197;4231;830;528
1411.6907.txt;28;4205;3591;944;598
1302.1211.txt;29;6937;4104;581;366
1505.02214.txt;141;23448;20023;2078;1231
1502.07331.txt;52;9224;7568;1532;1023
1510.03271.txt;123;22653;18203;2263;1297
1405.4472.txt;50;9473;8044;1181;759
1506.00768.txt;41;6165;5819;1467;935
1503.01239.txt;80;14083;10204;1776;1151
1109.0345.txt;40;7196;6461;1172;758
1411.3444.txt;18;3410;2935;789;543
1403.0505.txt;178;35103;25343;2453;1472
1509.06191.txt;135;28954;18735;1669;1016
1510.01429.txt;35;7117;5637;745;454
1406.4426.txt;39;6723;6256;999;632
1003.1628.txt;30;5398;3649;758;508
1502.05767.txt;122;17942;16016;3503;2404
1407.2524.txt;54;10611;8793;953;620
1501.04147.txt;122;23610;18694;2441;1540
1310.0441.txt;25;3917;3687;914;567
1411.7895.txt;58;9853;6742;1543;1008
1407.5965.txt;63;11904;9457;1366;890
1101.1640.txt;43;8110;6561;901;502
1402.1607.txt;23;4418;3746;739;466
1410.4060.txt;37;6940;5246;1181;768
1505.00398.txt;70;12143;10290;1612;967
1505.01668.txt;80;13864;11670;1765;1142
1508.01014.txt;37;7297;5697;856;515
1504.07056.txt;131;25116;19588;1888;1114
1211.3234.txt;70;12349;10262;1452;916
1403.4861.txt;48;8764;7598;1315;826
1310.5251.txt;68;12125;9730;1630;1045
1511.02599.txt;100;17910;16059;1659;987
1411.5878.txt;136;21493;19101;3181;2030
0911.1546.txt;29;4355;4049;1265;865
1412.0291.txt;137;22505;19384;3238;1968
1509.03484.txt;33;5475;4731;1196;828
1409.1714.txt;33;5772;4930;1324;877
1006.1030.txt;51;8187;6991;1479;983
1502.01865.txt;61;12236;9735;1158;711
1506.08353.txt;18;3222;2649;773;512
1502.01494.txt;28;5397;4436;840;546
1309.6927.txt;31;6945;4253;907;567
1505.03898.txt;48;8948;7079;1232;784
1503.04099.txt;45;8266;6752;1255;806
1508.00315.txt;70;12100;10125;1732;1089
1509.07127.txt;52;9881;7511;1165;772
1209.6626.txt;18;3365;2552;705;465
1101.1934.txt;132;28029;20578;1498;890
1511.01249.txt;121;21584;17513;1983;1172
1412.8324.txt;38;6658;5836;1152;763
1509.05498.txt;62;11195;8166;1122;657
1407.0756.txt;39;6840;5751;1196;754
1508.07065.txt;84;16919;12642;1593;1105
1309.3701.txt;99;19230;16354;1804;1060
1510.08368.txt;27;4847;3809;800;492
1409.6777.txt;41;7312;6391;1031;670
1507.06111.txt;114;22928;17916;1839;1100
1407.6169.txt;43;8170;6601;1131;736
1501.03043.txt;103;18625;15248;1744;1075
1212.6751.txt;56;10603;8959;1385;879
1411.0998.txt;106;19830;15745;1857;1161
1509.07417.txt;157;30560;25115;2029;1139
1412.4586.txt;42;7903;6504;998;614
1502.02908.txt;64;10544;9396;2070;1357
1408.2467.txt;38;6728;5239;1355;929
1309.0671.txt;40;6725;6003;1463;976
0911.1507.txt;20;3042;2981;909;613
1505.04343.txt;110;19917;15784;1920;1212
1509.07314.txt;36;6327;5198;990;643
1409.2248.txt;32;5900;3348;861;544
1412.2684.txt;47;7874;6069;1301;846
1204.1160.txt;56;9590;8163;1552;999
1410.3351.txt;96;19018;13829;1734;1101
1411.7346.txt;122;22715;18146;2131;1273
1509.01683.txt;225;41731;36567;2475;1392
1109.2162.txt;55;11025;9311;1112;690
1506.00573.txt;43;7271;6785;1488;938
1501.03347.txt;109;19161;15173;1755;1106
1508.00945.txt;60;11414;8578;1122;686
1509.07808.txt;54;10856;8492;1309;818
1108.1915.txt;25;4506;3811;934;585
1411.4823.txt;28;4794;4255;973;591
1409.7579.txt;66;11178;9853;1832;1175
1203.5706.txt;76;16058;11686;1368;871
1504.04869.txt;25;5039;4093;684;443
1505.06897.txt;59;10006;8134;1671;1065
1303.0926.txt;98;21317;14877;1001;635
1409.2908.txt;77;12791;10917;1734;1075
0903.1291.txt;26;4803;4161;838;534
1306.3261.txt;54;8294;7534;1596;1039
1412.7172.txt;77;14401;11982;1704;1073
1403.1142.txt;192;39307;29339;2149;1288
1309.5568.txt;33;5611;5468;1460;947
1402.7242.txt;40;8635;6371;775;496
1505.04911.txt;50;8873;7471;1514;924
1411.1420.txt;204;42022;31113;2331;1405
1403.1080.txt;76;12598;12281;2084;1166
1210.2440.txt;42;8004;6586;1217;806
1406.0263.txt;40;7644;5329;1038;704
1304.6896.txt;22;4515;3442;450;298
1211.6468.txt;38;6382;5665;1377;877
1501.05151.txt;65;11696;8977;1468;907
1405.2690.txt;39;6839;5442;1026;632
1307.6864.txt;59;10898;8756;1752;1123
1508.06589.txt;50;9116;7057;1201;780
1511.00725.txt;38;6006;5669;1078;667
1503.00207.txt;41;7100;5880;1176;751
1510.07357.txt;106;18680;17419;1748;983
1508.00641.txt;52;9496;8224;1268;796
1508.04606.txt;33;6136;4606;1003;667
1501.07584.txt;21;3545;2864;868;562
1102.0969.txt;69;13912;10945;1461;904
1211.0071.txt;8;1378;1168;490;320
1307.3544.txt;58;11393;7994;1122;672
1502.00112.txt;28;5852;4019;601;349
1511.06436.txt;76;13755;11894;1337;766
1509.01347.txt;40;6263;5108;1214;758
1301.2158.txt;59;8735;8047;1838;1114
1501.03872.txt;22;3318;2746;714;423
1511.00876.txt;119;24301;19939;1724;1012
1407.5536.txt;72;11523;10462;1522;966
1507.03838.txt;28;4721;4287;922;589
1511.00523.txt;109;21296;16586;1576;930
1206.4656.txt;28;4393;4231;1423;955
1509.07552.txt;67;11752;10614;1800;1062
1312.3614.txt;84;16050;12039;1378;868
1408.1025.txt;14;2374;2112;592;386
1506.03171.txt;57;10728;9013;1215;762
1502.05632.txt;146;30791;23267;1292;725
1507.01088.txt;119;23840;19280;1585;990
1511.08416.txt;44;8268;7290;1108;685
1311.6876.txt;56;9276;8257;1319;830
1501.04343.txt;92;17806;14451;1452;880
1205.3576.txt;36;5951;5711;1122;755
1304.6116.txt;107;20634;16288;1658;952
1509.02223.txt;72;12710;10608;1994;1301
1409.8580.txt;60;11376;8536;1349;854
1510.08983.txt;27;4386;3981;1092;739
1310.0833.txt;60;11390;9962;1134;694
1307.0426.txt;87;13910;12288;2218;1339
1203.6152.txt;42;8081;6728;1060;681
1307.2783.txt;96;17088;13846;2030;1275
1505.02348.txt;25;3951;2832;843;536
1511.01807.txt;83;16754;13314;1717;1091
1502.04382.txt;103;20625;16711;1760;1092
1401.2411.txt;130;23350;18572;2114;1302
1506.08238.txt;59;10391;8276;1500;918
1312.2048.txt;63;9952;9560;2455;1555
1506.06011.txt;36;7080;5269;983;631
1508.03269.txt;52;8810;8202;1630;1056
1505.00199.txt;80;13725;11416;1831;1150
1411.1751.txt;93;19004;14055;1692;1096
1511.00546.txt;53;10665;7766;1238;801
1403.1639.txt;82;15472;12451;1984;1236
1502.01410.txt;71;11677;10617;2052;1237
1511.03518.txt;30;4991;4371;1084;716
1510.08202.txt;56;10249;8594;1469;890
1307.7430.txt;105;22318;16203;1554;985
1305.7514.txt;20;3502;2798;780;525
1409.3954.txt;56;10508;8302;1295;818
1501.06076.txt;95;22071;15616;848;506
1506.08009.txt;73;12243;11135;1866;1180
0903.4386.txt;116;23759;18150;1557;943
1404.5029.txt;85;14823;12941;1845;1123
1206.1775.txt;96;18015;15472;1894;1174
1506.04773.txt;47;9396;6812;1016;636
1310.8097.txt;43;7360;6531;1393;896
1306.2476.txt;72;12364;10054;1693;1024
1102.4802.txt;26;5366;4205;495;297
1306.1167.txt;47;8827;6856;1220;772
1508.01993.txt;37;5433;4937;1375;839
1202.3538.txt;160;30873;24121;2241;1335
1311.1339.txt;29;5576;4532;994;635
1208.0713.txt;99;20044;17185;1427;903
1510.05751.txt;81;14130;11491;1543;971
1507.03344.txt;4;685;560;165;87
1507.01089.txt;53;10250;7534;1314;856
1402.3631.txt;71;13061;10464;1367;863
1502.04634.txt;67;12602;10219;1584;980
1109.2984.txt;63;11923;9036;1479;964
1304.1572.txt;39;6728;5755;1268;817
1412.5374.txt;46;9105;6861;1018;665
1310.4345.txt;65;11672;10310;1459;882
1503.01404.txt;24;5318;3893;591;374
1508.00688.txt;13;2032;1714;574;373
1402.2016.txt;45;7479;6562;1328;840
1401.5277.txt;202;40429;30100;2657;1568
1506.08544.txt;132;22023;18687;2683;1637
1508.04417.txt;48;7262;6353;1620;1051
1510.01210.txt;94;17664;14461;1593;972
1308.4201.txt;55;9963;8392;1290;826
1511.06033.txt;70;11454;9854;1991;1261
1501.01042.txt;81;14424;13444;1650;960
1511.06382.txt;40;6304;5643;1142;738
1001.1435.txt;31;4883;4395;1263;793
1008.0851.txt;75;12782;11182;1634;1021
1408.0948.txt;41;8002;6266;1006;655
1508.06269.txt;103;20380;16361;1760;1055
1506.08235.txt;71;12159;11200;1751;1172
1502.06761.txt;148;28638;22385;1953;1132
1411.7087.txt;74;15659;11194;1089;658
1502.02481.txt;85;16269;14264;1501;916
1306.5585.txt;45;8850;7714;1327;849
1408.0848.txt;68;11462;9490;1713;1098
0808.0084.txt;52;10186;8223;1111;710
1507.02103.txt;48;8882;6914;1343;884
1504.00222.txt;45;7926;6448;1242;789
1501.06297.txt;36;6027;5030;1289;843
1407.2988.txt;87;15907;12644;1881;1197
1303.5613.txt;63;10160;8957;1931;1266
1311.3158.txt;154;29680;23339;2000;1210
1503.03185.txt;45;7921;6942;1471;929
1408.1868.txt;45;9470;6954;623;373
1411.2419.txt;36;8202;4997;814;522
1301.7023.txt;27;4939;4224;984;620
1507.03348.txt;42;8579;7136;895;554
1504.04867.txt;22;3204;3061;1133;761
1511.07860.txt;64;12084;10089;1440;931
1507.02184.txt;151;32229;24552;1778;1062
1502.08010.txt;23;4562;3595;642;395
1509.04037.txt;85;14541;12465;2191;1408
1302.4118.txt;21;3847;3169;829;538
1203.6286.txt;53;10133;8337;1022;638
1412.2231.txt;47;9139;6670;1058;675
1508.03117.txt;51;9565;7242;1180;743
1410.5920.txt;35;6744;5145;977;618
1510.01913.txt;89;16750;13691;1575;993
1511.00452.txt;70;12263;11217;1440;905
1112.2275.txt;78;14832;13155;1533;953
1502.03371.txt;29;5628;4398;832;497
1004.0208.txt;30;5885;4736;913;569
1502.02272.txt;298;50593;45476;4840;2825
1310.8121.txt;22;3379;2853;670;415
1110.0685.txt;50;9392;7692;1080;648
1511.08585.txt;83;15577;13187;1618;994
1510.05229.txt;98;17685;15283;1918;1187
1504.03342.txt;166;25478;23071;3923;2337
1407.5374.txt;40;7790;6298;1080;664
1312.6809.txt;26;4048;3587;1235;858
1211.2662.txt;99;22865;16277;1165;733
0911.5153.txt;18;3130;2852;760;502
1506.00529.txt;236;45677;36979;2351;1309
1307.8371.txt;84;15382;12117;1721;1057
1204.1868.txt;18;2883;2747;894;595
1508.03773.txt;19;3587;3139;691;446
1404.2329.txt;144;27874;21800;2042;1187
1409.3600.txt;31;5758;4715;883;569
1510.05278.txt;36;5723;5311;1396;916
1204.6321.txt;23;3577;3410;1014;654
1508.01059.txt;66;12012;10154;1512;964
1509.09236.txt;47;8902;6731;1185;795
1203.5188.txt;58;9226;8328;1756;1037
1503.05656.txt;112;19542;15442;1718;1015
1509.04880.txt;44;8817;7319;1121;707
1301.1071.txt;40;6844;6100;1269;834
1504.06979.txt;94;21721;15618;1161;701
1509.03915.txt;17;2909;2390;605;373
1511.09324.txt;70;13599;9280;1232;716
1508.05559.txt;16;2148;1983;750;522
1304.2503.txt;33;5174;4842;1392;899
1404.1008.txt;54;10461;8433;1435;962
1202.4707.txt;42;7358;5956;1134;741
1509.02900.txt;71;10673;10046;2926;1847
1406.7373.txt;131;23952;20272;1944;1202
1505.04252.txt;52;10600;6864;1053;673
1202.3733.txt;36;6374;4679;834;545
1511.02899.txt;79;14749;11711;1477;893
1506.03410.txt;125;21748;15575;2511;1565
1509.02709.txt;133;25002;20395;2386;1366
1511.00925.txt;162;32928;26103;2228;1350
1402.4178.txt;83;16527;13112;1500;894
1309.2348.txt;33;5311;4815;939;560
1511.04731.txt;67;13881;10345;1129;719
1110.0895.txt;60;10027;8759;1687;1087
1402.3210.txt;62;11969;9112;1468;950
1312.1277.txt;271;51299;41719;3185;1936
1510.08417.txt;45;7512;6767;1297;852
1409.3176.txt;67;10956;8839;1492;860
1509.08346.txt;36;5215;4895;1288;832
1106.2327.txt;78;12843;10848;1641;1056
1212.1095.txt;166;31122;25662;2232;1374
1401.1333.txt;14;2178;2019;695;475
1408.0652.txt;23;3764;2933;915;609
1301.5522.txt;92;19151;14056;1539;978
1510.04389.txt;62;10217;9221;1925;1246
1201.5921.txt;53;11339;8074;1034;661
1511.00493.txt;75;15349;11121;1414;879
1405.0713.txt;98;22381;12729;588;363
1401.7860.txt;36;6938;5586;964;582
1403.5361.txt;49;8320;7153;1672;1077
1409.4711.txt;195;36382;32244;2329;1263
1503.01334.txt;78;14269;11583;1767;1117
1205.6363.txt;92;14001;11960;2229;1316
1510.03935.txt;60;9835;8470;1612;1036
1507.02908.txt;45;8751;6966;1199;779
1505.01189.txt;34;7005;5413;851;517
1304.5591.txt;59;10420;9768;1398;864
1310.1861.txt;100;17230;15873;2070;1223
1404.3311.txt;42;8433;6834;1050;666
1506.08547.txt;88;18024;12931;1435;864
1508.04095.txt;43;8426;6900;1106;685
1410.3877.txt;33;5955;4929;911;579
1504.06582.txt;29;5447;4324;839;538
1412.3701.txt;88;16319;13565;1548;962
1406.5943.txt;135;28256;22345;1949;1172
1410.2752.txt;38;7261;6017;1071;671
1507.02980.txt;66;12943;9505;1659;1110
1507.02250.txt;71;13038;10667;1777;1105
1412.5718.txt;58;10220;9063;1685;1049
1203.6566.txt;46;8400;6869;1188;769
1301.5055.txt;105;21517;18044;1326;752
1304.4964.txt;101;17894;14564;1972;1135
1511.00158.txt;48;9386;7459;1269;777
1412.7839.txt;98;18632;15845;1951;1264
1505.02091.txt;44;7974;6630;1291;823
1502.07209.txt;72;11481;10428;1975;1214
1405.7709.txt;107;19448;15923;1814;1103
1509.03258.txt;38;7375;5779;1128;763
1411.0187.txt;100;19409;15012;1646;1026
1402.3329.txt;90;15890;14039;1981;1232
1509.02601.txt;46;8487;7241;1082;649
1505.06036.txt;48;10770;8035;660;410
1406.1949.txt;55;10150;8444;1176;746
1506.06138.txt;47;7628;7202;1674;1118
1305.2386.txt;30;4889;4720;907;586
1509.00144.txt;70;11896;9106;1860;1145
1406.6145.txt;156;30160;23287;2339;1379
1412.5669.txt;76;14900;12085;1387;860
1503.04500.txt;53;9409;8057;1239;764
1308.3987.txt;73;15442;11590;1261;794
1012.4290.txt;61;11528;8102;1133;699
1408.3310.txt;51;9970;7859;1207;725
1508.03263.txt;11;1955;1559;469;311
1510.03170.txt;158;30067;24753;2449;1508
1206.3431.txt;137;21060;19739;3253;2112
1410.7694.txt;71;13403;9142;1593;1013
1509.00864.txt;39;7488;6035;1120;677
1410.3247.txt;48;10774;8176;1072;682
1412.1695.txt;73;15682;11176;1102;654
0710.0736.txt;42;7420;6398;1432;906
1401.1140.txt;34;6650;5430;875;543
1209.5527.txt;112;22223;18533;1721;1068
1505.08162.txt;30;6642;5190;917;581
1211.5773.txt;16;2668;2320;435;268
1508.02793.txt;65;14038;9861;1143;723
1505.03653.txt;63;10775;9337;1583;941
1406.3065.txt;88;17549;14366;1546;958
1508.05117.txt;47;8056;7080;1418;907
1509.09121.txt;95;15427;12924;1893;1226
1507.05305.txt;78;14274;11744;1615;972
1506.03872.txt;52;9528;7900;1587;1005
1510.08779.txt;73;14430;10305;1444;890
1506.00147.txt;78;15292;12491;1777;1059
1503.00245.txt;17;2515;2293;777;480
1411.7086.txt;50;10091;8265;1265;787
1507.07045.txt;78;14080;11927;1658;1047
1511.04855.txt;64;10455;9443;1641;1026
1307.5001.txt;43;8307;6563;1100;704
1412.6466.txt;112;22032;19677;1224;727
1407.7274.txt;121;26169;18291;1138;639
1510.08183.txt;57;10572;8196;1323;866
1409.3562.txt;129;25292;18071;1709;1109
1305.4874.txt;48;8579;7361;1228;724
1511.06971.txt;25;4423;3825;964;622
1504.06804.txt;48;9576;7870;1087;639
1506.05231.txt;43;8585;6321;1140;748
1511.08575.txt;51;10321;8095;1138;689
1503.00491.txt;118;20048;16405;2267;1394
1210.4663.txt;71;12790;10860;1511;932
1308.4273.txt;48;8824;7040;1327;854
1311.4257.txt;46;7775;6696;1217;785
1411.4696.txt;26;4805;3975;758;499
1505.06770.txt;81;15172;11985;1783;1160
0903.0199.txt;10;1778;1570;470;300
1408.0807.txt;74;15011;12341;1470;867
1311.2828.txt;93;17192;14376;1705;996
1104.2373.txt;70;12463;10133;1674;1063
1403.5543.txt;30;5082;4783;1060;667
1509.06559.txt;88;16044;12770;2162;1372
1001.3780.txt;30;5189;4211;748;489
1407.1103.txt;73;13841;11839;1520;967
1211.4892.txt;50;9729;6464;1349;885
1305.6431.txt;62;11742;10416;1509;929
1503.08370.txt;67;12671;9792;1376;844
1312.4510.txt;46;8888;7248;1070;670
1409.0264.txt;99;19266;14937;1474;897
1508.03891.txt;246;43466;35684;3061;1722
1510.08985.txt;22;3510;3357;958;631
1502.07481.txt;45;8500;6538;1210;791
1405.6397.txt;14;2685;1782;536;364
1506.08231.txt;20;3604;3180;939;624
1201.3416.txt;71;11823;10543;1557;910
1307.0449.txt;492;84004;66273;4510;2532
1408.3976.txt;87;13717;12754;2171;1275
1405.0637.txt;75;12049;11335;2202;1359
1508.07435.txt;71;14036;9405;1328;845
1210.2246.txt;18;2921;2479;563;343
1511.01258.txt;82;13626;11576;2206;1367
1506.07212.txt;105;19868;15391;2011;1239
1410.4536.txt;56;9785;7147;1318;831
1312.1529.txt;61;10757;8976;1052;673
1510.03637.txt;255;52803;37023;2578;1449
1305.5592.txt;51;9825;8206;1090;714
1501.04836.txt;40;7742;5567;1305;823
1504.01709.txt;137;28092;21058;1631;980
1512.00135.txt;46;9029;6941;1244;815
1502.02511.txt;65;9150;7593;1287;822
1509.08764.txt;91;16261;12665;1722;1038
1511.05546.txt;64;11394;10194;1465;932
1503.04424.txt;50;7992;7180;1487;953
1504.00495.txt;59;9598;8271;1476;949
1204.0839.txt;79;14361;12217;1923;1226
1505.00947.txt;43;7925;6185;1133;749
1511.06489.txt;46;7256;6602;1534;989
1510.09102.txt;73;15378;11838;1206;746
1510.08887.txt;82;15577;12723;1655;1067
1504.08117.txt;29;5405;4199;825;526
1511.01238.txt;66;9709;8971;2247;1558
1305.5670.txt;35;5327;5054;1443;906
1306.6458.txt;112;17811;13801;2310;1477
1511.05635.txt;43;7082;6240;1172;736
1211.0877.txt;82;16225;12879;1445;852
1412.5466.txt;66;14351;10009;1150;692
1506.02228.txt;55;9982;8776;1437;959
1510.01844.txt;142;27704;20508;2101;1346
1510.05175.txt;111;20370;17136;2037;1212
1507.01988.txt;94;16783;13838;1876;1169
1104.0471.txt;30;5671;4152;686;433
1501.02741.txt;87;14766;11007;2184;1434
1501.00960.txt;48;7975;6851;1519;1023
1210.2540.txt;31;6970;4501;579;349
1412.2877.txt;31;4711;4506;1134;698
1507.02954.txt;92;15877;13732;2224;1397
1506.05193.txt;50;7395;6669;1979;1311
1312.3876.txt;51;9452;7389;1154;700
1508.00510.txt;253;53915;44679;1773;1057
1303.7037.txt;70;12582;10614;1502;921
1401.5791.txt;8;1195;1120;514;345
1202.4910.txt;53;9622;8228;1350;834
1506.02438.txt;45;7762;6314;1364;872
1307.6033.txt;24;4131;3561;962;615
1404.3186.txt;53;9050;8030;1529;926
1505.04036.txt;54;10053;7725;1517;1026
1006.0719.txt;98;18132;14597;1764;1136
1505.06819.txt;111;22000;16883;1602;1017
1509.05001.txt;61;11251;7312;1633;1087
1411.4498.txt;85;16352;13130;1309;773
1204.0480.txt;36;6820;5521;973;581
1112.0857.txt;61;10757;9433;1511;918
1503.06822.txt;61;12737;11114;1177;739
1312.3748.txt;54;9512;7937;1274;816
1506.00290.txt;58;11171;8984;1068;645
0812.2709.txt;60;11874;9616;1335;826
1306.3726.txt;94;18335;15614;1728;1012
1306.5111.txt;59;11473;8353;1335;842
1503.00244.txt;31;4634;4397;1326;828
1204.2727.txt;42;7994;6637;1076;723
1405.4713.txt;83;14260;11935;1047;654
1401.6312.txt;129;21957;18933;2674;1590
1408.4528.txt;55;9551;8189;1266;793
1502.02253.txt;35;6542;5261;853;529
1210.7341.txt;25;4309;3816;925;570
1412.2526.txt;41;6920;5303;1269;843
1511.07212.txt;46;7562;6576;1404;915
1209.0521.txt;33;5630;5025;1095;684
1404.3442.txt;85;16218;13343;1727;1059
1507.01279.txt;112;21359;15853;2092;1219
1511.03005.txt;51;8460;7357;1377;855
1403.5715.txt;83;13732;11958;1870;1162
1412.5902.txt;122;20281;17135;2347;1444
1412.1547.txt;45;8395;7183;1217;783
1503.08925.txt;118;24029;16317;1774;997
1507.04606.txt;48;7902;5666;893;569
1511.07174.txt;19;2983;2704;851;539
1504.03856.txt;61;11502;8652;1482;970
1412.8358.txt;26;5616;3999;566;368
1209.5785.txt;87;16536;11984;1694;986
1502.05058.txt;51;9035;7193;1347;862
1202.4961.txt;65;11712;9970;1601;1036
1502.05183.txt;149;25842;21432;2299;1346
1307.2035.txt;59;10841;9031;1235;712
1407.0208.txt;38;6987;5431;1288;867
1304.3944.txt;37;5665;5301;1454;895
1501.07496.txt;22;3470;3106;1127;790
1402.1794.txt;23;3359;3086;1040;734
1212.1149.txt;21;4284;3341;640;405
1407.5117.txt;14;2092;1814;658;436
1506.04496.txt;151;24303;22541;3259;1878
0904.2051.txt;57;10547;8819;1487;918
1306.5720.txt;27;5045;4330;881;558
1511.03407.txt;45;8221;7298;1180;714
1512.00327.txt;167;26352;23198;3706;2288
1403.4143.txt;19;3645;3261;645;388
1503.07759.txt;54;8474;8042;1706;1082
1508.02570.txt;43;8385;7092;1130;726
1106.2441.txt;14;2851;2196;323;180
1506.04497.txt;142;30982;16094;1018;608
1508.01841.txt;88;19746;14451;1365;862
1506.00272.txt;56;8567;7990;1768;1049
1302.6325.txt;9;1649;1299;342;202
1211.5608.txt;88;17049;14046;1819;1137
1312.2226.txt;18;3436;2729;617;387
1411.3140.txt;76;12029;10142;2083;1360
1208.3124.txt;112;21161;16690;1780;1099
1210.5065.txt;80;17885;10992;897;540
1510.04524.txt;55;10195;8229;1552;948
1405.0854.txt;117;23761;16906;1768;1028
1402.5208.txt;44;9015;6664;1099;687
1507.01345.txt;50;8423;7438;1153;702
1510.04390.txt;136;25487;20494;2278;1340
1503.06126.txt;13;2474;1988;541;340
1504.01442.txt;40;6478;5867;1409;969
1204.2606.txt;63;11308;9166;1557;957
1310.3389.txt;31;5537;4602;1075;726
1510.06482.txt;75;12591;10975;2050;1268
1411.5166.txt;36;5854;5019;1141;698
1310.4349.txt;41;8811;5310;1085;669
1205.5770.txt;54;9719;7288;1346;846
1411.4840.txt;43;7322;6119;1128;756
1402.2760.txt;97;18556;16491;1461;876
1107.2465.txt;52;10016;6876;1206;787
1506.07437.txt;18;3431;2750;704;461
1409.6193.txt;20;3466;2893;828;570
1411.5123.txt;167;32679;28731;1891;1050
1501.05354.txt;28;4898;3984;896;585
1005.2894.txt;185;38202;28480;1994;1124
1502.05472.txt;64;10326;8776;1881;1232
1303.5678.txt;73;13467;11624;1701;1067
1506.01634.txt;75;11980;11139;2110;1377
1301.5293.txt;32;6040;4347;1020;642
1510.00215.txt;62;11024;9696;1291;807
1412.1866.txt;65;10365;9017;1971;1280
1507.07855.txt;54;11927;9097;889;572
1506.05855.txt;74;12139;10777;1657;1026
1502.04052.txt;60;9588;8872;1895;1179
1311.6126.txt;17;3536;2720;564;354
1409.2193.txt;166;31008;26012;2356;1349
1510.06750.txt;67;13075;10682;1279;805
1507.04027.txt;128;24701;14726;1397;905
1409.8230.txt;49;8326;7513;1291;798
1106.5130.txt;33;6434;4792;931;563
1410.8663.txt;54;10956;8646;1144;717
0911.1544.txt;27;4083;3844;1208;821
1409.0375.txt;13;2559;1902;418;255
1509.08102.txt;34;5889;4251;1182;776
1511.02475.txt;38;7965;6766;698;421
1402.3427.txt;23;3644;3233;942;621
1411.3517.txt;37;7487;5825;893;577
1305.4732.txt;16;2534;2416;784;551
1510.01671.txt;96;17397;13204;1813;1055
1412.7998.txt;99;19627;13588;1582;944
1402.1526.txt;56;9612;8185;1547;982
1507.05500.txt;39;7569;6182;967;622
1309.5310.txt;116;20696;17197;2140;1375
1506.04440.txt;59;12438;9438;1229;800
1311.4821.txt;143;26295;21498;2387;1508
1407.3764.txt;82;15115;11261;1687;1055
1511.03234.txt;109;21792;17050;1960;1208
1507.05819.txt;59;8951;8541;1923;1183
1505.03001.txt;69;13008;10273;1621;1052
1009.5894.txt;51;9746;7606;1319;832
1012.4019.txt;66;12611;9865;1493;965
1508.05465.txt;76;14598;11955;1406;811
1504.06234.txt;27;5730;3829;575;372
1505.04026.txt;63;9674;8865;1780;1071
1504.04073.txt;70;12090;11335;1514;914
1511.03693.txt;102;20784;15828;1687;1060
1511.05174.txt;51;8325;7272;1429;889
1506.06055.txt;24;4259;3411;949;622
1404.3368.txt;46;8417;6734;1385;918
1412.6622.txt;22;3447;3035;1006;708
1304.0912.txt;86;17741;13412;1304;803
1503.05496.txt;121;22896;16520;1907;1136
1412.7646.txt;183;34396;27640;2388;1422
1311.0320.txt;91;15915;13518;1688;1029
1310.2728.txt;194;40407;28900;2031;1300
1506.04972.txt;84;15582;12452;1694;1066
1511.05710.txt;64;11552;9284;1398;911
1509.02479.txt;56;11718;9039;969;586
1308.5146.txt;89;16862;13596;1904;1214
1503.03169.txt;34;5408;5248;1181;749
1011.0774.txt;48;8465;7537;1262;748
1505.05193.txt;48;8251;7475;1551;970
1511.04798.txt;81;12714;11632;2434;1535
1002.0747.txt;38;7178;6171;1189;736
1507.02178.txt;58;11292;10088;1354;887
1408.1118.txt;106;17514;15060;2441;1461
1511.05646.txt;84;16830;14534;1653;1052
1410.0446.txt;23;3846;3410;993;656
1310.1250.txt;19;3297;2847;787;507
